,Creditability,Account.Balance,Duration.of.Credit..month.,Payment.Status.of.Previous.Credit,Purpose,Credit.Amount,Value.Savings.Stocks,Length.of.current.employment,Instalment.per.cent,Sex...Marital.Status,Guarantors,Duration.in.Current.address,Most.valuable.available.asset,Age..years.,Concurrent.Credits,Type.of.apartment,No.of.Credits.at.this.Bank,Occupation,No.of.dependents,Telephone,Foreign.Worker
497,0,3,6,2,3,2108,1,3,2,3,1,2,1,29,2,1,1,1,1,1,1
756,1,1,15,1,4,950,1,4,4,2,1,3,3,33,2,1,2,1,2,1,1
580,1,1,42,2,3,7174,4,3,4,1,1,3,3,30,2,2,1,1,1,2,1
833,1,3,36,3,4,7980,4,1,4,2,1,4,3,27,2,1,2,1,1,2,1
602,0,3,24,3,2,2028,1,3,2,2,1,2,2,30,2,2,2,1,1,1,1
734,0,1,15,2,4,2511,1,1,1,1,1,4,3,23,2,1,1,1,1,1,1
303,0,3,24,2,2,3749,1,1,2,1,1,4,3,26,2,2,1,1,1,1,1
923,1,1,24,2,4,1442,1,3,4,1,1,4,3,23,2,1,2,1,1,1,1
677,0,1,9,3,3,1138,1,2,4,2,1,4,1,25,2,2,2,1,1,1,1
124,0,3,15,3,3,1459,1,2,4,1,1,2,3,43,2,2,1,1,1,1,1
942,1,2,12,2,4,888,1,4,4,2,1,4,3,41,1,2,1,1,2,1,1
8,0,1,6,3,4,1361,1,1,2,2,1,4,1,40,2,2,1,1,2,1,2
764,1,2,60,2,3,6288,1,2,4,2,1,4,4,42,2,3,1,1,1,1,1
60,0,3,36,2,4,3079,4,2,4,2,1,4,1,36,2,2,1,1,1,1,1
462,0,2,18,3,2,7374,1,1,4,2,1,4,2,40,1,2,2,1,1,2,1
674,0,2,8,2,3,760,1,3,4,1,2,2,1,44,2,2,1,1,1,1,1
498,0,3,24,3,1,4042,4,3,3,2,1,4,2,43,2,2,2,1,1,2,1
91,0,2,12,3,4,1995,2,1,4,2,1,1,3,27,2,2,1,1,1,1,1
447,0,3,6,3,3,700,4,4,4,2,1,4,4,36,2,3,2,1,1,1,1
195,0,3,12,2,3,1262,1,2,3,2,1,2,3,25,2,2,1,1,1,1,1
769,1,2,9,1,4,1437,2,3,2,2,1,3,4,29,2,2,1,1,1,1,1
17,0,1,11,3,4,3939,1,2,1,2,1,2,1,40,2,2,2,1,2,1,1
469,0,2,36,2,3,2323,1,3,4,2,1,4,3,24,2,1,1,1,1,1,1
139,0,2,6,3,4,932,4,3,1,1,1,3,2,39,2,2,2,1,1,1,1
561,0,3,20,3,4,3485,4,1,2,1,1,4,1,44,2,2,2,1,1,2,1
145,0,3,36,2,3,2394,4,2,4,1,1,4,3,25,2,2,1,1,1,1,1
575,0,2,36,2,1,6948,1,2,2,2,1,2,3,35,2,1,1,1,1,2,1
831,1,2,36,1,3,3804,1,2,4,1,1,1,3,42,2,2,1,1,1,2,1
428,1,2,9,3,3,1501,1,4,2,1,1,3,3,34,2,2,2,1,1,2,1
259,0,1,10,2,3,2315,1,4,3,2,1,4,1,52,2,2,1,1,1,1,1
664,0,2,6,2,3,1068,1,4,4,2,1,4,3,28,2,2,1,1,2,1,1
617,0,1,30,3,1,10623,1,4,3,2,1,4,4,38,2,3,2,1,2,2,1
527,0,1,12,2,3,701,1,2,4,3,1,2,1,40,2,2,1,1,1,1,1
1,0,1,18,3,2,1049,1,1,4,1,1,4,2,21,2,1,1,1,1,1,1
247,0,3,18,3,3,1800,1,2,4,2,1,2,3,24,2,2,2,1,1,1,1
134,0,3,18,2,3,1453,1,1,3,1,1,1,1,26,2,2,1,1,1,1,1
967,1,3,24,3,4,8648,1,1,2,2,1,2,3,27,1,2,2,1,1,2,1
953,1,2,21,2,4,1188,1,4,2,1,1,4,2,39,2,2,1,1,2,1,1
85,0,3,15,3,2,1520,4,4,4,2,1,4,2,63,2,2,1,1,1,1,1
31,0,3,30,3,3,3017,1,4,4,2,1,4,2,47,2,2,1,1,1,1,1
56,0,1,12,3,3,385,1,3,4,1,1,3,1,58,2,2,2,1,1,2,1
921,1,1,24,1,2,3552,1,3,3,2,1,4,3,27,1,2,1,1,1,1,1
897,1,3,21,3,4,2580,3,1,4,2,1,2,1,41,1,2,1,1,2,1,1
694,0,3,15,3,1,3594,1,1,1,1,1,2,2,46,2,2,2,1,1,1,1
530,0,3,18,3,3,2238,1,2,2,1,1,1,3,25,2,2,2,1,1,1,1
89,0,1,6,3,4,666,3,3,3,1,1,4,1,39,2,2,2,1,1,2,1
882,1,3,9,1,3,1337,1,1,4,2,1,2,3,34,2,2,2,1,1,2,1
331,0,3,24,3,3,1927,4,2,3,1,1,2,3,33,2,2,2,1,1,2,1
998,1,3,21,3,4,12680,4,4,4,2,1,4,4,30,2,3,1,1,1,2,1
749,0,2,9,2,3,1199,1,3,4,1,1,4,2,67,2,2,2,1,1,2,1
292,0,3,15,2,2,2221,3,2,2,1,1,4,3,20,2,1,1,1,1,1,1
332,0,3,18,3,3,2404,1,2,2,1,1,2,3,26,2,2,2,1,1,1,1
218,0,3,6,2,4,709,3,1,2,3,1,2,1,27,2,2,1,1,1,1,2
119,0,3,9,3,3,936,3,4,4,2,1,2,3,52,2,2,2,1,1,2,1
545,0,3,4,3,3,1544,1,3,2,2,1,1,1,42,2,2,2,1,2,1,1
275,0,3,24,2,1,2670,1,4,4,2,1,4,3,35,2,2,1,1,1,2,1
891,1,2,60,2,4,14027,1,3,4,2,1,2,4,27,2,2,1,1,1,2,1
384,0,2,9,2,4,276,1,2,4,3,1,4,1,22,2,1,1,1,1,1,1
207,0,1,12,2,3,1107,1,2,2,2,1,2,1,20,2,1,1,1,2,2,1
314,0,2,24,2,4,1201,1,1,4,2,1,1,2,26,2,2,1,1,1,1,1
197,0,3,6,3,4,6761,1,3,1,2,1,3,4,45,2,2,2,1,2,2,1
878,1,1,48,2,3,6758,1,2,3,1,1,2,3,31,2,2,1,1,1,2,1
268,0,3,36,2,4,909,3,4,4,2,1,4,2,36,2,2,1,1,1,1,1
751,0,2,36,3,4,2862,2,4,4,2,1,3,4,30,2,3,1,1,1,1,1
123,0,2,6,2,3,2063,1,1,4,3,1,3,3,30,2,1,1,1,1,2,1
490,0,3,12,2,4,3527,4,1,2,2,1,3,2,45,2,2,1,1,2,2,1
176,0,3,24,2,3,3235,3,4,3,1,1,2,3,36,2,2,1,1,1,2,1
847,1,2,30,3,3,1919,2,1,4,2,1,3,4,30,1,2,2,1,1,1,1
73,0,3,36,2,3,2299,3,4,4,2,1,4,3,39,2,2,1,1,1,1,1
710,0,3,48,3,3,6110,1,2,1,2,1,3,4,31,1,3,1,1,1,2,1
789,1,2,24,1,4,4241,1,2,1,2,1,4,1,36,2,2,2,1,1,2,1
18,0,2,18,2,3,3213,3,1,1,3,1,3,1,25,2,1,1,1,1,1,1
933,1,2,12,2,4,1223,1,4,1,1,1,1,1,46,2,1,2,1,1,1,1
974,1,1,45,1,4,11816,1,4,2,2,1,4,3,29,2,1,2,1,1,1,1
973,1,3,18,2,3,2100,1,2,4,2,2,2,1,37,2,2,1,1,1,1,1
336,0,1,24,2,2,1747,1,1,4,2,2,1,2,24,2,2,1,1,1,1,2
372,0,3,24,3,3,2578,3,4,2,2,1,2,3,34,2,2,1,1,1,1,1
355,0,3,6,2,3,1346,2,4,2,2,1,4,4,42,1,3,1,1,2,2,1
986,1,3,12,3,4,2292,1,1,4,2,1,2,3,42,1,2,2,1,1,2,1
22,0,2,12,3,4,3124,1,1,1,2,1,3,1,49,1,2,2,1,2,1,1
550,0,3,12,3,2,1402,3,3,3,1,1,4,3,37,2,1,1,1,1,2,1
326,0,3,24,3,4,1287,3,4,4,1,1,4,1,37,2,2,2,1,1,2,1
576,0,2,48,1,4,12204,4,2,2,2,1,2,3,48,1,2,1,1,1,2,1
115,0,2,21,2,2,3976,4,3,2,2,1,3,3,35,2,2,1,1,1,2,1
862,1,1,48,2,4,4308,1,1,3,1,1,4,2,24,2,1,1,1,1,1,1
797,1,3,18,2,2,2864,1,2,2,2,1,1,1,34,2,2,1,1,2,1,1
219,0,1,47,2,4,10722,1,1,1,1,1,1,1,35,2,2,1,1,1,2,1
910,1,1,48,1,2,7119,1,2,3,2,1,4,4,53,2,3,2,1,2,1,1
969,1,1,45,2,3,1845,1,2,4,2,1,4,4,23,2,3,1,1,1,2,1
294,0,2,6,3,4,1449,2,4,1,1,1,2,3,31,1,2,2,1,2,1,1
471,0,3,18,2,2,1984,1,2,4,2,1,4,4,47,1,3,2,1,1,1,1
288,0,3,9,2,3,2697,1,2,1,2,1,2,1,32,2,2,1,1,2,1,1
551,0,2,12,2,4,2002,1,3,3,2,1,4,2,30,2,1,1,1,2,2,1
171,0,3,36,2,3,5848,1,2,4,2,1,1,3,24,2,2,1,1,1,1,1
237,0,3,21,2,2,2241,1,4,4,2,1,2,1,50,2,2,2,1,1,1,1
410,0,3,42,2,3,7166,4,3,2,3,1,4,2,29,2,1,1,1,1,2,1
196,0,3,33,3,1,7253,1,3,3,2,1,2,3,35,2,2,2,1,1,2,1
374,0,1,6,2,3,343,1,1,4,1,1,1,1,27,2,2,1,1,1,1,1
100,0,2,42,3,4,5954,1,3,2,1,1,1,1,41,1,2,2,1,1,1,1
212,0,1,24,1,2,2828,3,2,4,2,1,4,1,22,1,2,1,1,1,2,1
565,0,3,30,3,4,4272,2,2,2,2,1,2,2,26,2,2,2,1,1,1,1
597,0,1,12,2,2,708,1,2,2,2,2,3,2,38,2,2,1,1,2,1,1
417,0,3,11,3,3,1154,2,1,4,1,1,4,1,57,2,2,2,1,1,1,1
94,0,1,9,2,3,1364,1,3,3,2,1,4,1,59,2,2,1,1,1,1,1
817,1,3,10,2,4,1240,2,4,1,1,1,4,4,48,2,3,1,1,2,1,1
227,0,1,18,2,4,4380,2,2,3,2,1,4,3,35,2,2,1,1,2,2,1
907,1,1,18,1,2,1553,1,2,4,2,1,3,3,44,1,2,1,1,1,1,1
128,0,3,6,2,2,2978,3,2,1,2,1,2,3,32,2,2,1,1,1,2,1
133,0,3,6,2,2,2116,1,2,2,2,1,2,1,41,2,2,1,1,1,2,1
988,1,1,12,2,3,674,2,3,4,3,1,1,2,20,2,2,1,1,1,1,1
843,1,3,12,2,2,1123,3,2,4,1,1,4,3,29,2,1,1,1,1,1,1
117,0,2,9,3,2,1919,1,3,4,2,1,3,3,35,2,1,1,1,1,2,1
526,0,3,36,3,3,9566,1,2,2,1,1,2,3,31,1,2,2,1,1,1,1
604,0,1,12,2,2,1289,1,2,4,2,2,1,2,21,2,2,1,1,1,1,1
727,0,3,21,2,4,2782,3,3,1,1,1,2,3,31,1,2,1,1,1,1,1
943,1,3,12,2,3,719,1,4,4,2,1,4,3,41,1,2,1,1,2,1,1
678,0,2,18,3,3,1795,1,4,3,1,2,4,1,48,1,1,2,1,1,2,1
840,1,3,12,2,4,1386,3,2,2,1,1,2,2,26,2,2,1,1,1,1,1
829,1,2,12,2,3,639,1,2,4,2,1,2,3,30,2,2,1,1,1,1,1
558,0,3,12,2,2,1474,1,1,4,1,1,1,2,33,1,2,1,1,1,2,1
240,0,3,39,2,1,2569,3,2,4,2,1,4,3,24,2,2,1,1,1,1,1
621,0,3,24,2,1,9277,4,2,2,1,1,4,4,48,2,3,1,1,1,2,1
982,1,3,18,3,4,2169,1,2,4,3,1,2,3,28,2,2,1,1,1,2,1
319,0,3,15,3,3,1360,1,2,4,2,1,2,2,31,2,2,2,1,1,1,1
486,0,3,12,3,4,1185,1,2,3,1,1,2,1,27,2,2,2,1,1,1,1
92,0,2,30,2,3,2991,4,4,2,1,1,4,3,25,2,2,1,1,1,1,1
311,0,3,12,3,3,930,4,4,4,2,1,4,1,65,2,2,2,1,1,1,1
444,0,3,15,2,3,1386,4,2,4,3,1,2,1,40,2,1,1,1,1,2,1
732,0,3,60,2,4,6527,4,2,4,2,1,4,4,34,2,3,1,1,2,2,1
427,0,2,39,3,3,11760,2,3,2,2,1,3,4,32,2,1,1,1,1,2,1
864,1,3,18,3,4,2775,1,3,2,2,1,2,2,31,1,2,2,1,1,1,1
716,0,3,36,1,3,2613,1,2,4,2,1,2,3,27,2,2,2,1,1,1,1
495,0,1,12,3,1,1409,1,4,4,2,1,3,1,54,2,2,1,1,1,1,1
792,1,3,15,2,3,2327,1,1,2,1,1,3,1,25,2,2,1,1,1,1,1
34,0,3,24,2,3,1376,3,3,4,1,1,1,3,28,2,2,1,1,1,1,1
433,0,2,15,3,4,2326,3,2,2,2,1,4,3,27,1,2,1,1,1,1,1
598,0,1,21,3,4,571,1,4,4,2,1,4,1,65,2,2,2,1,1,1,1
812,1,1,60,2,4,7297,1,4,4,2,2,4,4,36,2,1,1,1,1,1,1
230,0,2,48,1,4,3566,2,3,4,2,1,2,3,30,2,2,1,1,1,1,1
14,0,2,48,3,4,7582,2,1,2,2,1,4,4,31,2,2,1,1,1,2,1
262,0,3,11,3,4,1393,1,1,4,1,1,4,3,35,2,2,2,1,1,1,1
87,0,3,24,3,1,2346,1,3,4,2,1,3,3,35,2,2,2,1,1,2,1
903,1,2,36,3,4,2225,1,4,4,2,1,4,4,57,1,3,2,1,1,2,1
628,0,3,18,3,3,1582,3,4,4,2,1,4,3,46,2,2,2,1,1,1,1
381,0,1,18,2,2,3650,1,1,1,1,1,4,3,22,2,1,1,1,1,1,1
156,0,3,24,3,3,2684,1,2,4,2,1,2,1,35,2,2,2,1,1,1,1
295,0,3,15,3,2,960,3,3,3,1,1,2,2,30,2,2,2,1,1,1,1
502,0,3,24,3,4,2463,2,3,4,3,1,3,2,27,2,2,2,1,1,2,1
719,1,2,18,2,2,1924,4,1,4,1,1,3,1,27,2,1,1,1,1,1,1
888,1,1,36,3,3,8065,1,2,3,1,1,2,4,25,2,2,2,1,1,2,1
202,0,3,28,1,1,7824,4,1,3,2,2,4,1,40,1,1,2,1,2,2,1
993,1,1,18,2,1,7511,4,4,1,2,1,4,2,51,2,3,1,1,2,2,1
395,0,3,24,2,2,5511,2,2,4,2,1,1,3,25,1,2,1,1,1,1,1
872,1,3,36,3,4,7855,1,2,4,1,1,2,1,25,1,2,2,1,1,2,1
875,1,2,24,1,3,1837,1,3,4,1,1,4,4,34,1,3,1,1,1,1,1
306,0,3,24,2,4,1469,2,4,4,3,1,4,1,41,2,1,1,1,1,1,1
555,0,2,11,2,2,1577,3,1,4,1,1,1,1,20,2,2,1,1,1,1,1
853,1,2,24,3,4,1935,1,4,4,1,1,4,1,31,2,2,2,1,1,2,1
754,1,2,24,2,1,4113,3,1,3,1,1,4,3,28,2,1,1,1,1,1,1
730,0,2,60,3,3,9157,4,2,2,2,1,2,4,27,2,3,1,1,1,1,1
174,0,3,24,2,3,1552,1,3,3,2,1,1,3,32,1,2,1,1,2,1,1
822,1,1,36,3,3,6887,1,2,4,2,1,3,2,29,1,2,1,1,1,2,1
627,0,3,12,2,4,2859,4,1,4,2,1,4,4,38,2,2,1,1,1,2,1
104,0,2,36,3,4,7432,1,2,2,1,1,2,2,54,2,1,1,1,1,1,1
323,0,3,11,2,4,2142,3,4,1,1,1,2,1,28,2,2,1,1,1,2,1
169,0,3,15,3,2,2788,1,3,2,1,2,3,3,24,1,2,2,1,1,1,1
285,0,1,21,2,3,3357,3,1,4,1,1,2,3,29,1,2,1,1,1,1,1
255,0,3,36,3,1,5711,3,4,4,2,1,2,3,38,2,2,2,1,1,2,1
650,0,2,18,2,4,2622,2,2,4,2,1,4,3,34,2,2,1,1,1,1,1
442,0,3,27,3,4,5117,1,3,3,2,1,4,3,26,2,2,2,1,1,1,1
950,1,3,12,3,3,797,4,4,4,1,1,3,2,33,2,2,1,1,2,1,1
562,0,3,18,3,1,3850,1,3,3,2,1,1,3,27,2,2,2,1,1,1,1
233,0,3,39,2,1,8588,2,4,4,2,1,2,3,45,2,2,1,1,1,2,1
185,0,3,9,2,4,1449,1,3,3,1,1,2,3,27,2,2,2,1,1,1,1
44,0,2,24,3,4,2825,4,3,4,2,1,3,4,34,2,2,2,1,2,2,1
78,0,3,24,3,4,1940,3,4,4,2,1,4,1,60,2,2,1,1,1,2,1
48,1,3,18,3,3,1864,2,2,4,1,1,2,1,30,2,2,2,1,1,1,1
476,0,3,24,2,4,937,1,1,4,3,1,3,3,27,2,2,2,1,1,1,1
800,1,3,24,2,4,947,1,3,4,2,1,3,4,38,1,3,1,1,2,1,1
164,0,3,15,3,2,3343,1,2,4,2,1,2,4,28,2,3,1,1,1,2,1
818,1,1,12,2,4,759,1,3,4,2,1,2,1,26,2,2,1,1,1,1,1
890,1,2,36,2,2,9034,2,1,4,2,2,1,4,29,2,1,1,1,1,2,1
47,0,3,24,2,4,1258,1,3,4,2,1,1,1,25,2,2,1,1,1,2,1
659,0,2,7,2,3,2576,1,2,2,2,2,2,1,35,2,2,1,1,1,1,2
870,1,2,24,2,4,1355,1,1,3,1,1,4,3,25,2,2,1,1,1,2,1
432,1,3,12,3,3,1555,3,4,4,2,1,4,4,55,2,3,2,1,2,1,1
620,0,2,12,3,4,958,1,3,2,2,1,3,1,47,2,2,2,1,2,1,1
820,1,3,9,2,2,1980,1,1,2,1,2,2,3,19,2,1,2,1,1,1,1
72,0,3,30,2,3,1867,4,4,4,2,1,4,3,58,2,2,1,1,1,2,1
192,0,2,36,2,3,3711,4,2,2,3,1,2,3,27,2,2,1,1,1,1,1
98,1,2,36,3,4,4455,1,2,2,1,1,2,1,30,1,2,2,1,1,2,1
158,0,3,30,3,3,5954,1,3,3,2,2,2,3,38,2,2,1,1,1,1,1
857,1,1,24,1,2,3349,3,1,4,2,1,4,4,30,2,3,1,1,2,2,1
464,1,1,28,2,4,4006,1,2,3,2,1,2,3,45,2,2,1,1,1,1,1
937,1,2,9,2,2,959,1,2,1,1,1,2,3,29,1,2,1,1,1,1,1
606,0,1,15,3,2,975,1,2,2,1,1,3,2,25,2,2,2,1,1,1,1
675,0,2,12,2,3,625,1,1,4,3,2,1,1,26,1,2,1,1,1,1,1
488,0,2,18,3,2,3612,1,4,3,1,1,4,2,37,2,2,1,1,1,2,2
135,0,3,10,2,4,1364,1,2,2,1,1,4,3,64,2,2,1,1,1,2,1
137,0,2,12,2,4,1318,3,4,4,2,1,4,1,54,2,2,1,1,1,2,1
623,0,1,12,3,1,1526,1,4,4,2,1,4,4,66,2,3,2,1,1,1,1
307,0,1,6,2,2,1374,1,2,1,2,1,2,1,36,1,2,1,1,1,2,1
514,0,2,30,2,2,3832,1,1,2,3,1,1,2,22,2,2,1,1,1,1,1
472,0,3,24,2,3,999,4,4,4,2,1,2,3,25,2,2,2,1,1,1,1
25,0,1,6,3,4,4716,4,1,1,2,1,3,1,44,2,2,2,1,2,1,1
759,1,2,30,2,4,2150,1,2,4,1,2,2,4,24,1,2,1,1,1,1,1
382,0,1,21,2,2,3599,1,3,1,1,1,4,3,26,2,1,1,1,1,1,1
760,1,2,36,3,4,2820,1,1,4,1,1,4,3,27,2,2,2,1,1,1,1
914,1,1,36,1,2,2746,1,4,4,2,1,4,3,31,1,2,1,1,1,1,1
238,0,1,24,2,3,2384,1,4,4,2,1,4,1,64,1,1,1,1,1,1,1
845,1,2,24,3,4,11938,1,2,2,2,2,3,3,39,2,2,2,1,2,2,1
680,0,2,6,2,3,484,1,3,3,3,2,3,1,28,1,2,1,1,1,1,1
699,0,2,45,3,1,4576,2,1,3,2,1,4,3,27,2,2,1,1,1,1,1
791,1,2,15,1,4,1778,1,1,2,1,1,1,1,26,2,1,2,1,1,1,1
977,1,2,48,1,4,18424,1,2,1,1,1,2,2,32,1,2,1,1,1,2,2
46,1,1,18,2,4,1216,1,1,4,1,1,3,3,23,2,1,1,1,1,2,1
7,0,1,8,3,4,3398,1,3,1,2,1,4,1,39,2,2,2,1,1,1,2
273,0,3,6,2,3,660,3,3,2,3,1,4,1,23,2,1,1,1,1,1,1
76,0,2,9,2,2,2030,4,3,2,2,1,1,3,24,2,2,1,1,1,2,1
600,1,1,36,2,2,5179,1,3,4,2,1,2,2,29,2,2,1,1,1,1,1
274,0,3,24,2,2,2835,3,4,3,2,1,4,2,53,2,2,1,1,1,1,1
966,1,2,48,2,2,9960,1,1,1,1,1,2,3,26,1,2,1,1,1,2,1
856,1,1,48,2,4,3931,1,3,4,2,1,4,4,46,2,3,1,1,2,1,1
788,1,2,15,3,3,1512,3,2,3,3,1,3,2,61,1,2,2,1,1,1,1
153,0,3,48,3,1,8858,4,3,2,2,1,1,4,35,2,3,2,1,1,2,1
783,1,2,36,2,4,14318,1,4,4,2,1,2,4,57,2,3,1,1,1,2,1
708,0,2,30,3,4,2181,4,4,4,2,1,4,1,36,2,2,2,1,1,1,1
155,0,2,12,2,3,1158,3,2,3,1,1,1,3,26,2,2,1,1,1,2,1
316,0,3,15,2,1,1300,4,4,4,2,1,4,4,45,1,3,1,1,2,1,1
466,0,3,12,2,2,1424,4,4,3,1,1,4,1,55,2,2,1,1,1,2,1
601,1,1,36,2,1,8229,1,2,2,2,1,2,2,26,2,2,1,1,2,1,1
874,1,3,36,3,4,9572,1,1,1,1,1,1,3,28,2,2,2,1,1,1,1
359,0,3,18,2,4,1961,1,4,3,1,1,2,3,23,2,2,1,1,1,1,1
745,0,3,30,2,1,4811,4,3,2,1,1,4,2,24,1,1,1,1,1,1,1
296,0,3,36,2,1,8133,1,2,1,1,1,2,2,30,1,2,1,1,1,1,1
718,1,3,24,2,4,4591,3,2,2,2,1,3,2,54,2,2,2,1,1,2,1
24,0,2,12,3,3,1424,1,3,4,2,1,3,2,26,2,2,1,1,1,1,1
271,0,3,6,2,1,1236,3,2,2,2,1,4,2,50,2,1,1,1,1,1,1
669,0,2,18,2,3,866,1,2,4,3,2,2,1,25,2,2,1,1,1,1,1
364,0,3,9,2,2,1388,1,2,4,1,1,2,1,26,2,1,1,1,1,1,1
672,0,2,18,2,3,1301,1,4,4,3,2,2,1,32,2,2,1,1,1,1,1
93,0,2,30,1,4,4221,1,2,2,1,1,1,3,28,2,2,2,1,1,1,1
709,1,1,48,1,4,7685,1,3,2,1,2,4,3,37,2,1,1,1,1,1,1
211,0,3,4,2,4,1494,4,1,1,2,1,2,1,29,2,2,1,1,2,1,2
40,0,3,24,3,1,3868,1,4,4,1,1,2,3,41,2,1,2,1,1,2,1
928,1,1,12,2,4,902,1,3,4,3,1,4,2,21,2,1,1,1,1,1,1
499,0,3,12,3,4,926,1,1,1,1,1,2,2,38,2,2,1,1,1,1,1
370,0,1,24,2,2,3021,1,2,2,1,1,2,1,24,2,1,1,1,1,1,1
5,0,1,12,3,4,2171,1,2,4,2,1,4,2,38,1,2,2,1,1,1,2
992,1,2,24,2,1,12579,1,4,4,1,1,2,4,44,2,3,1,1,1,2,1
248,0,3,24,3,2,4151,2,2,2,2,1,3,2,35,2,2,2,1,1,1,1
515,0,3,15,2,4,3186,3,3,2,1,1,3,3,20,2,1,1,1,1,1,1
126,0,3,24,3,3,5103,1,1,3,3,1,3,4,47,2,3,2,1,1,2,1
168,0,3,24,3,4,4526,1,2,3,2,1,2,1,74,2,2,1,1,1,2,1
162,0,3,24,3,4,1275,3,2,2,1,1,4,1,36,2,2,2,1,1,2,1
655,0,2,48,3,4,6681,4,2,4,2,1,4,4,38,2,3,1,1,2,2,1
854,1,3,24,3,4,1344,4,3,4,2,1,2,1,37,1,2,2,1,2,1,1
408,0,2,9,2,4,1391,1,2,2,3,1,1,1,27,1,2,1,1,1,2,1
265,0,3,12,2,3,1493,1,1,4,1,1,3,3,34,2,2,1,1,2,1,1
846,1,2,27,3,3,2520,3,2,4,2,1,2,2,23,2,2,2,1,1,1,1
334,0,3,22,2,4,1283,4,3,4,1,1,4,2,25,2,1,1,1,1,1,1
939,1,2,24,2,4,1246,1,1,4,2,1,2,1,23,1,2,1,1,1,1,1
586,0,1,24,2,1,2910,1,3,2,2,1,1,4,34,2,3,1,1,1,2,1
150,0,2,24,3,3,1743,1,4,4,2,1,2,2,48,2,2,2,1,1,1,1
106,0,3,24,2,4,1393,1,2,2,2,2,2,1,31,2,2,1,1,1,2,1
532,0,3,24,3,1,2197,4,3,4,2,1,4,3,43,2,2,2,1,2,2,1
525,0,2,12,3,1,1860,1,1,4,2,1,2,3,34,2,2,2,1,1,2,1
851,1,2,45,2,3,3031,2,2,4,2,2,4,2,21,2,1,1,1,1,1,1
830,1,2,48,2,3,5951,1,2,2,1,1,2,1,22,2,2,1,1,1,1,1
849,1,2,36,2,3,2671,2,2,4,1,2,4,4,50,2,3,1,1,1,1,1
182,0,3,18,3,4,1055,1,1,4,1,1,1,2,30,2,2,2,1,1,1,1
393,0,3,6,3,3,1047,1,2,2,1,1,4,2,50,2,2,1,1,1,1,1
97,0,2,12,3,3,3573,1,2,1,1,1,1,1,23,2,2,1,1,1,1,1
152,0,3,12,2,3,2171,1,1,2,1,1,2,3,29,1,2,1,1,1,1,1
492,0,3,12,3,2,3331,1,4,2,2,1,4,2,42,1,2,1,1,1,1,1
411,0,3,13,2,3,1409,2,1,2,1,1,4,1,64,2,2,1,1,1,1,1
603,0,1,6,2,4,1374,4,1,4,1,1,3,2,75,2,2,1,1,1,2,1
775,1,1,36,3,4,2145,1,3,2,2,1,1,3,24,2,2,2,1,1,2,1
926,1,1,18,2,2,2039,1,2,1,1,1,4,1,20,2,1,1,1,1,1,1
834,1,3,36,2,3,4210,1,2,4,2,1,2,3,26,2,2,1,1,1,1,1
479,0,3,12,3,3,2748,1,4,2,1,1,4,4,57,1,3,2,1,1,1,1
389,0,3,10,2,3,1225,1,2,2,2,1,2,3,37,2,2,1,1,1,2,1
452,0,1,20,2,2,2212,4,3,4,2,1,4,3,39,2,2,1,1,1,2,1
618,0,1,18,2,4,2249,2,3,4,2,1,3,3,30,2,2,1,1,2,2,1
209,0,2,48,1,4,12169,4,1,4,2,2,4,4,36,2,3,1,1,1,2,1
893,1,2,12,2,3,1484,4,2,2,3,1,1,1,25,2,2,1,1,1,2,1
41,0,3,12,3,3,996,4,3,4,1,1,4,1,23,2,2,2,1,1,1,1
412,0,3,24,3,4,2978,4,2,4,2,1,4,1,32,2,2,2,1,2,2,1
136,0,3,6,2,2,1543,3,2,4,1,1,2,1,33,2,2,1,1,1,1,1
231,0,3,24,2,3,1278,1,4,4,2,1,1,1,36,2,2,1,1,1,2,1
342,0,1,24,1,1,3632,1,2,1,1,2,4,3,22,1,1,1,1,1,1,2
28,0,2,9,3,3,1154,1,4,2,2,1,4,1,37,2,2,2,1,1,1,1
900,1,3,10,2,4,1309,4,2,4,2,2,4,2,27,2,2,1,1,1,1,1
21,0,1,6,3,4,3676,1,2,1,2,1,3,1,37,2,1,2,1,2,1,1
63,0,3,48,3,3,3578,4,4,4,2,1,1,1,47,2,2,1,1,1,2,1
465,0,2,12,2,4,7472,4,1,1,1,1,2,1,24,2,1,1,1,1,1,1
613,0,1,12,2,2,1620,1,2,2,1,2,3,2,30,2,2,1,1,1,1,1
594,1,1,24,1,4,1193,1,1,1,1,2,4,4,29,2,1,2,1,1,1,1
105,0,3,24,3,3,1851,1,3,4,3,2,2,3,33,2,2,2,1,1,2,1
50,0,1,24,3,4,1382,2,3,4,2,1,1,1,26,2,2,2,1,1,2,1
519,1,3,24,2,3,5943,4,1,1,1,1,1,3,44,2,2,2,1,1,2,1
697,0,3,12,3,4,2247,1,2,2,1,1,2,3,36,1,2,2,1,1,2,1
653,0,2,12,2,4,754,4,4,4,2,1,4,2,38,2,2,2,1,1,1,1
536,0,2,24,2,3,1967,1,4,4,1,1,4,3,20,2,2,1,1,1,2,1
293,0,3,6,3,3,1898,4,2,1,2,1,2,1,34,2,2,2,1,2,1,1
405,0,3,18,2,3,4594,1,1,3,2,1,2,3,32,2,2,1,1,1,2,1
312,0,3,48,3,1,2751,4,4,4,2,1,3,3,38,2,2,2,1,2,2,1
475,0,3,36,2,3,4473,1,4,4,2,1,2,3,31,2,2,1,1,1,1,1
566,0,2,24,3,3,1553,2,3,3,1,1,2,2,23,2,1,2,1,1,2,1
6,0,1,10,3,4,2241,1,1,1,2,1,3,1,48,2,1,2,1,2,1,2
564,0,3,24,2,3,1377,2,4,4,1,1,2,4,47,2,3,1,1,1,2,1
741,0,3,12,2,2,1736,1,3,3,1,1,4,1,31,2,2,1,1,1,1,1
968,1,1,18,2,3,1345,1,2,4,3,1,3,1,26,2,2,1,1,1,1,1
12,0,1,30,3,1,6187,2,3,1,3,1,4,3,24,2,1,2,1,1,1,1
217,0,3,10,2,1,2901,4,1,1,1,1,4,1,31,2,1,1,1,1,1,1
263,0,3,10,2,2,1275,1,1,4,1,1,2,2,23,2,2,1,1,1,1,1
200,0,3,48,1,4,3609,1,2,1,1,1,1,1,27,1,2,1,1,1,1,1
512,0,3,6,2,3,1538,1,1,1,1,1,2,4,56,2,2,1,1,1,1,1
983,1,2,48,3,2,5096,1,2,2,1,1,3,3,30,2,2,1,1,1,2,1
90,0,2,24,3,4,1965,4,2,4,1,1,4,3,42,2,1,2,1,1,2,1
299,0,2,12,2,2,983,3,1,1,1,1,4,1,19,2,1,1,1,1,1,1
456,0,2,60,3,3,7418,4,2,1,2,1,1,1,27,2,2,1,1,1,1,1
588,0,1,36,2,2,3620,1,2,1,2,2,2,2,37,2,2,1,1,2,1,1
546,0,2,8,2,4,907,1,1,3,3,1,2,1,26,2,2,1,1,1,2,1
868,1,2,36,2,1,9398,1,1,1,3,1,4,3,28,2,1,1,1,1,2,1
349,0,1,12,3,4,2121,1,2,4,2,1,2,2,30,2,2,2,1,1,1,1
71,0,2,21,3,2,2745,3,3,3,2,1,2,3,32,2,2,2,1,1,2,1
131,0,3,24,2,2,1925,1,2,2,2,1,2,1,26,2,2,1,1,1,1,1
345,0,3,12,3,4,682,2,3,4,1,1,3,3,51,2,2,2,1,1,2,1
750,0,3,24,2,2,2892,1,4,3,1,1,4,4,51,2,3,1,1,1,1,1
365,0,3,12,2,3,2279,4,2,4,2,1,4,4,37,2,3,1,1,1,2,1
637,1,1,12,3,2,2246,1,4,3,2,1,3,2,60,2,2,2,1,1,1,1
748,0,3,24,3,3,5507,1,4,3,2,1,4,4,44,2,3,2,1,1,1,1
700,0,1,24,3,3,1231,3,4,4,1,1,4,2,57,2,1,2,1,1,2,1
842,1,2,18,3,2,1928,1,1,2,2,1,2,1,31,2,2,2,1,1,1,1
496,0,3,24,2,3,1311,2,3,4,3,1,3,2,26,2,2,1,1,1,2,1
592,0,1,8,3,4,1164,1,4,3,2,1,4,4,51,1,3,2,1,2,2,1
53,0,3,9,3,4,1224,1,2,3,2,1,1,1,30,2,2,2,1,1,1,1
736,0,3,6,2,3,1338,3,2,1,1,1,4,1,62,2,2,1,1,1,1,1
643,0,1,24,3,1,6419,1,4,2,1,1,4,4,44,2,3,2,1,2,2,1
641,0,1,36,3,2,2348,1,2,3,3,1,2,2,46,2,2,2,1,1,2,1
661,0,2,8,2,3,1414,1,2,4,2,2,2,1,33,2,2,1,1,1,1,2
356,0,3,36,3,1,10477,4,4,2,2,1,4,4,42,2,3,2,1,1,1,1
440,0,2,18,3,4,3590,1,1,3,3,1,3,3,40,2,2,2,1,2,2,1
75,0,3,12,2,3,3399,4,4,2,2,1,3,3,37,2,2,1,1,1,1,1
711,0,3,24,2,4,3757,1,4,4,1,2,4,4,62,2,3,1,1,1,2,1
397,0,2,24,3,3,6403,1,1,1,2,1,2,3,33,2,2,1,1,1,1,1
722,0,3,15,2,3,1905,1,4,4,2,1,4,3,40,2,1,1,1,1,2,1
426,0,3,12,3,3,717,1,4,4,2,1,4,1,52,2,2,2,1,1,1,1
693,0,2,6,2,3,454,1,1,3,3,1,1,2,22,2,2,1,1,1,1,1
859,1,1,42,2,3,3965,1,1,4,2,1,3,3,34,2,2,1,1,1,1,1
644,1,1,48,3,1,6143,1,4,4,1,1,4,4,58,1,3,2,1,1,1,1
517,0,2,24,3,4,6967,2,3,4,2,1,4,3,36,2,1,1,1,1,2,1
430,0,2,9,2,4,3195,4,2,1,1,1,2,1,33,2,2,1,1,1,1,1
256,0,3,15,2,4,2687,1,3,2,2,1,4,2,26,2,1,1,1,1,2,1
3,0,2,12,2,4,841,2,3,2,1,1,4,1,23,2,1,1,1,1,1,1
416,0,3,28,3,3,2743,1,4,4,2,1,2,3,29,2,2,2,1,1,1,1
805,1,1,12,2,4,900,4,2,4,3,1,2,3,23,2,2,1,1,1,1,1
811,1,2,48,2,4,15672,1,2,2,2,1,2,3,23,2,2,1,1,1,2,1
949,1,1,18,1,4,1442,1,3,4,2,1,4,4,32,1,3,2,1,2,1,1
383,0,3,60,3,4,13756,4,4,2,2,1,4,4,63,1,3,1,1,1,2,1
9,0,3,18,3,3,1098,1,1,4,1,1,4,3,65,2,2,2,1,1,1,1
478,0,3,24,2,3,3105,4,1,4,2,1,2,3,25,2,2,2,1,1,1,1
81,0,3,24,3,4,2022,1,2,4,1,1,4,3,37,2,2,1,1,1,2,1
936,1,1,20,3,4,2235,1,2,4,3,2,2,2,33,1,1,2,1,1,1,2
429,0,1,12,2,3,1200,4,2,4,1,1,4,2,23,1,1,1,1,1,2,1
27,0,1,12,2,2,652,1,4,4,1,1,4,2,24,2,1,1,1,1,1,1
959,1,2,30,1,4,4280,2,2,4,1,1,4,3,26,2,1,2,1,1,1,1
264,0,3,9,2,2,1313,1,4,1,2,1,4,3,20,2,2,1,1,1,1,1
541,1,2,9,2,3,1670,1,1,4,1,1,2,3,22,2,2,1,1,1,2,1
222,0,3,30,3,3,3656,4,4,4,2,1,4,2,49,1,2,2,1,1,1,1
32,0,3,36,3,4,3535,1,3,4,2,1,4,3,37,2,2,2,1,1,2,1
581,1,1,24,1,3,1546,1,3,4,2,2,4,3,24,1,1,1,1,1,1,1
645,0,3,24,3,3,1597,1,4,4,2,1,4,4,54,2,3,2,1,2,1,1
254,0,3,36,2,3,3595,1,4,4,2,1,2,3,28,2,2,1,1,1,1,1
138,0,1,24,1,4,2325,2,3,2,2,1,3,3,32,1,2,1,1,1,1,1
777,1,2,18,3,2,4297,1,4,4,1,1,3,4,40,2,2,1,1,1,2,1
224,0,3,27,3,1,8613,3,2,2,2,1,2,3,27,2,2,2,1,1,1,1
15,0,1,18,2,3,1936,4,3,2,3,1,4,3,23,2,1,2,1,1,1,1
378,0,2,27,3,1,5965,1,4,1,2,1,2,3,30,2,2,2,1,1,2,1
484,0,3,12,3,2,5801,4,4,2,2,1,4,2,49,2,1,1,1,1,2,2
436,0,3,7,3,3,846,4,4,3,2,1,4,4,36,2,3,1,1,1,1,1
663,0,2,12,3,3,585,1,2,4,3,2,4,1,20,2,1,2,1,1,1,1
898,1,3,27,2,4,2570,1,2,3,1,1,3,1,21,2,1,1,1,1,1,1
935,1,1,16,3,4,2625,1,4,2,2,2,4,2,43,2,1,1,1,1,2,2
795,1,3,30,3,4,1908,1,4,4,2,1,4,1,66,2,2,1,1,1,2,1
216,0,3,10,2,4,3949,1,1,1,2,2,1,2,37,2,2,1,1,2,1,1
110,0,3,12,3,3,2012,4,3,4,1,1,2,3,61,2,2,1,1,1,1,1
62,0,3,24,2,1,2679,1,1,4,1,1,1,4,29,2,2,1,1,1,2,1
609,0,1,48,2,1,4788,1,3,4,2,1,3,2,26,2,2,1,1,2,1,1
528,0,2,12,2,3,2930,1,3,2,1,1,1,1,27,2,2,1,1,1,1,1
305,1,3,9,2,3,745,1,2,3,1,1,2,1,28,2,2,1,1,1,1,1
880,1,1,24,1,4,1358,4,4,4,2,1,3,3,40,1,2,1,1,1,2,1
808,1,1,60,3,4,6836,1,4,3,2,1,4,4,63,2,2,2,1,1,2,1
999,1,2,12,2,3,6468,4,1,2,2,1,1,4,52,2,2,1,1,1,2,1
132,0,3,18,2,2,2515,1,2,3,2,1,4,1,43,2,2,1,1,1,2,1
728,0,3,12,2,4,1884,1,4,4,2,1,4,3,39,2,2,1,1,1,2,1
571,0,3,12,2,4,1330,1,1,4,2,1,1,1,26,2,2,1,1,1,1,1
215,0,2,9,2,4,1549,4,1,4,2,1,2,1,35,2,2,1,1,1,1,1
714,0,3,9,3,3,1244,4,4,4,1,1,4,2,41,2,1,2,1,1,1,1
885,1,2,15,2,4,2631,2,2,2,1,1,4,3,28,2,1,2,1,1,2,1
206,0,2,18,2,4,4439,1,4,1,2,2,1,1,33,1,2,1,1,1,2,1
651,0,2,24,2,2,4351,4,2,1,1,1,4,2,48,2,2,1,1,1,2,1
835,1,3,6,2,2,4611,1,1,1,1,1,4,2,32,2,2,1,1,1,1,1
773,1,1,18,2,3,1217,1,2,4,3,1,3,1,47,2,2,1,1,1,2,1
454,0,2,24,3,3,5743,1,1,2,1,1,4,4,24,2,3,2,1,1,2,1
865,1,1,40,3,3,5998,1,2,4,2,1,3,4,27,1,2,1,1,1,2,1
901,1,1,24,2,4,4817,1,3,2,2,2,3,2,31,2,2,1,1,1,2,1
568,0,3,6,3,4,362,2,2,4,1,1,4,3,52,2,2,2,1,1,1,1
784,1,2,6,1,3,433,3,1,4,1,1,2,2,24,1,1,1,1,2,1,1
738,0,3,18,3,3,1149,3,2,4,2,1,3,1,46,2,2,2,1,1,1,1
537,0,3,4,3,4,3380,1,3,1,1,1,1,1,37,2,2,1,1,2,1,1
367,0,3,24,2,3,1258,3,2,3,1,1,3,3,57,2,2,1,1,1,1,1
407,0,3,15,2,1,4657,1,2,3,2,1,2,3,30,2,2,1,1,1,2,1
599,0,1,30,2,3,2522,1,4,1,2,2,3,2,39,2,2,1,1,2,1,1
579,1,1,33,3,2,4281,3,2,1,1,1,4,3,23,2,2,2,1,1,1,1
453,0,2,10,2,4,7308,1,1,2,2,1,4,4,70,1,3,1,1,1,2,1
199,0,3,12,2,3,2141,2,3,3,2,1,1,4,35,2,2,1,1,1,1,1
927,1,1,24,1,4,3161,1,2,4,2,1,2,2,31,1,1,1,1,1,2,1
761,1,2,48,2,3,3060,1,3,4,2,1,4,1,28,2,2,2,1,1,1,1
335,0,3,24,3,4,717,4,4,4,3,1,4,3,54,2,2,2,1,1,2,1
971,1,3,48,2,4,4844,1,1,3,2,1,2,3,33,2,1,1,1,1,2,1
803,1,1,24,2,4,1371,4,2,4,1,1,4,1,25,2,1,1,1,1,1,1
889,1,1,24,2,3,2439,1,1,4,1,1,4,1,35,2,2,1,1,1,2,1
559,0,3,24,2,1,5433,4,1,2,1,1,4,2,26,2,1,1,1,1,2,1
422,0,2,11,3,4,1322,3,2,4,1,1,4,3,40,2,2,2,1,1,1,1
59,0,3,21,2,3,3160,4,4,4,2,1,3,2,41,2,2,1,1,1,2,1
189,0,2,36,2,3,2273,1,3,3,2,1,1,3,32,2,2,2,1,2,1,1
507,0,3,12,3,3,1240,4,4,4,1,1,2,1,38,2,2,2,1,1,2,1
130,0,3,24,3,3,2872,2,4,3,2,1,4,1,36,2,2,1,1,2,2,1
962,1,2,12,2,3,1331,1,1,2,2,1,1,3,22,2,2,1,1,1,1,1
188,0,3,24,2,3,3430,3,4,3,2,1,2,3,31,2,2,1,1,2,2,1
698,0,3,24,2,3,1413,1,2,4,3,1,2,2,28,2,2,1,1,1,1,1
850,1,2,36,2,3,12612,2,2,1,2,1,4,4,47,2,3,1,1,2,2,1
301,0,1,12,1,4,339,1,4,4,3,1,1,3,45,1,2,1,1,1,1,1
987,1,1,14,2,4,8978,1,4,1,1,1,4,2,45,2,2,1,1,1,2,2
325,0,3,10,2,4,1546,1,2,3,2,1,2,1,31,2,2,1,1,2,1,2
201,0,3,30,2,3,2333,3,4,4,2,1,2,3,30,1,2,1,1,1,1,1
363,0,3,6,3,2,1221,4,2,1,3,1,2,2,27,2,2,2,1,1,1,1
77,0,3,21,3,1,3275,1,4,1,2,1,4,3,36,2,2,1,1,1,2,1
114,0,3,12,2,2,763,1,2,4,1,1,1,1,26,2,2,1,1,1,2,1
739,0,2,15,2,3,1308,1,4,4,2,1,4,3,38,2,2,2,1,1,1,1
251,0,2,18,3,4,2899,4,4,4,2,1,4,3,43,2,2,1,1,2,1,1
932,1,1,12,2,4,1274,1,1,3,1,1,1,1,37,1,2,1,1,1,1,1
388,0,3,24,2,4,7393,1,2,1,2,1,4,2,43,2,2,1,1,2,1,1
108,0,3,18,2,3,1473,1,1,3,3,1,4,1,39,2,2,1,1,1,2,1
448,0,3,12,2,3,886,4,2,4,1,1,2,3,21,2,2,1,1,1,1,1
350,0,3,12,3,3,701,1,2,4,2,1,2,3,32,2,2,2,1,1,1,1
876,1,2,30,3,4,4249,1,1,4,3,1,2,3,28,2,2,2,1,1,1,1
855,1,3,18,2,2,1533,1,1,4,3,2,1,2,43,2,2,1,1,2,1,1
776,1,1,36,2,4,1842,1,1,4,1,1,4,3,34,2,2,1,1,1,2,1
960,1,2,24,2,3,3092,2,1,3,3,1,2,3,22,2,1,1,1,1,2,1
556,0,3,33,3,4,2764,1,2,2,1,1,2,3,26,2,2,2,1,1,2,1
226,0,3,24,3,3,1516,3,2,4,1,1,1,1,43,2,2,2,1,1,1,1
88,0,3,36,3,3,4454,1,2,4,1,1,4,1,34,2,2,2,1,1,1,1
74,0,3,24,2,2,929,4,3,4,2,1,2,3,31,1,2,1,1,1,2,1
895,1,2,24,3,2,2064,1,1,3,1,1,2,2,34,2,2,1,1,1,2,1
501,0,3,24,2,4,1249,1,1,4,3,1,2,1,28,2,2,1,1,1,1,1
922,1,1,12,1,4,697,1,1,4,2,1,2,3,46,1,2,2,1,1,2,1
616,0,1,12,2,4,1893,1,2,4,1,2,4,2,29,2,2,1,1,1,2,1
815,1,2,9,1,1,5129,1,4,2,1,1,4,4,74,1,3,1,1,2,2,1
911,1,1,24,3,4,4870,1,2,3,2,1,4,4,53,2,3,2,1,2,1,1
590,0,2,12,2,2,3017,1,1,3,1,1,1,1,34,2,1,1,1,1,1,1
418,0,3,24,3,1,5804,3,2,4,2,1,2,1,27,2,2,2,1,1,1,1
391,0,3,15,2,1,3029,1,3,2,2,1,2,3,33,2,2,1,1,1,1,1
399,0,3,12,3,1,1503,1,2,4,3,1,4,1,41,2,1,1,1,1,1,1
573,0,2,26,2,1,7966,1,1,2,2,1,3,3,30,2,2,2,1,1,1,1
144,0,3,9,3,2,2406,1,1,2,2,1,3,3,31,2,2,1,1,1,1,1
341,0,3,30,3,3,3077,4,4,3,2,1,2,3,40,2,2,2,1,2,2,1
662,0,2,12,2,3,1103,1,3,4,2,2,3,1,29,2,2,2,1,1,1,1
721,1,2,48,3,3,6224,1,4,4,2,1,4,4,50,2,3,1,1,1,1,1
394,0,3,15,3,3,1471,1,2,4,2,1,4,4,35,2,3,2,1,1,2,1
625,0,1,24,3,1,6615,1,1,2,2,1,4,4,75,2,3,2,1,1,2,1
729,0,3,36,3,1,11054,4,2,4,2,1,2,3,30,2,2,1,1,1,2,1
172,1,1,12,2,4,1228,1,2,4,1,1,2,1,24,2,2,1,1,1,1,1
451,1,2,12,2,3,766,3,2,4,2,1,3,1,66,2,2,1,1,1,1,1
177,0,3,24,3,4,4139,2,2,3,2,1,3,2,27,2,2,2,1,1,2,1
725,0,1,24,2,2,4020,1,2,2,2,1,2,3,27,1,2,1,1,1,1,1
707,0,3,24,3,2,3617,4,4,4,2,2,4,4,20,2,1,2,1,1,1,1
362,0,1,12,2,2,1858,1,1,4,1,1,1,3,22,2,1,1,1,1,1,1
441,0,3,21,3,2,2288,1,1,4,1,1,4,2,23,2,2,1,1,1,2,1
790,1,2,24,3,2,4736,1,1,2,1,1,4,3,25,1,2,1,1,1,1,1
648,0,3,48,3,3,7238,4,4,3,2,1,3,3,32,1,2,2,1,2,1,1
402,0,2,12,2,4,1037,2,3,3,2,1,4,1,39,2,2,1,1,1,1,1
377,1,1,12,1,3,1108,1,3,4,2,1,3,1,28,2,2,2,1,1,1,1
612,0,1,12,2,2,2577,1,2,2,1,1,1,3,42,2,2,1,1,1,1,1
191,0,3,24,2,3,1901,2,2,4,2,1,4,3,29,2,1,1,1,1,2,1
978,1,1,6,2,4,14896,1,4,1,2,1,4,4,68,1,2,1,1,1,2,1
368,0,2,12,1,4,1410,1,2,2,2,1,2,1,31,2,2,1,1,1,2,1
717,0,1,48,2,3,7476,1,3,4,2,1,1,4,50,2,3,1,1,1,2,1
510,0,1,6,2,4,1203,2,4,3,2,1,2,2,43,2,2,1,1,1,2,1
755,1,2,6,2,4,14555,4,1,1,2,1,2,2,23,2,2,1,1,1,2,1
560,0,2,14,2,4,1410,3,4,1,3,1,2,1,35,2,2,1,1,1,2,1
166,0,3,9,3,4,2134,1,2,4,2,1,4,3,48,2,2,2,1,1,2,1
539,0,3,7,3,3,730,4,4,4,2,1,2,2,46,2,1,2,1,1,2,1
269,0,3,12,3,2,1258,1,1,2,1,1,4,2,22,2,1,2,1,1,1,1
425,0,3,15,3,3,1829,1,4,4,2,1,4,3,46,2,2,2,1,1,2,1
43,0,3,18,3,4,1028,1,2,4,1,1,3,1,36,2,2,2,1,1,1,1
516,0,2,24,2,3,2896,2,1,2,2,1,1,3,29,2,2,1,1,1,1,1
385,0,3,42,3,2,4041,3,2,4,2,1,4,1,36,2,2,2,1,1,2,1
